{"cameraMode":{"drawMode":0,"name":"Shaded","section":"Shading Mode"},"sceneLighting":true,"audioPlay":false,"sceneViewState":{"m_AlwaysRefresh":false,"showFog":true,"showSkybox":true,"showFlares":true,"showImageEffects":true,"showParticleSystems":true,"showVisualEffectGraphs":true,"m_FxEnabled":true},"in2DMode":false,"pivot":{"x":-61.96149826049805,"y":6.830595016479492,"z":-0.9778496026992798},"rotation":{"x":0.00023939530365169048,"y":-0.7126101851463318,"z":0.0002027421724051237,"w":0.7015930414199829},"size":29.78005027770996,"orthographic":false}